{
  "confirm_details": {
    "precision": 0.0,
    "recall": 0.0,
    "f1-score": 0.0,
    "support": 4,
    "confused_with": {
      "mood_great": 3,
      "mood_unhappy": 1
    }
  },
  "show_full_info": {
    "precision": 0.0,
    "recall": 0.0,
    "f1-score": 0.0,
    "support": 5,
    "confused_with": {
      "mood_great": 4,
      "goodbye": 1
    }
  },
  "list_tournaments": {
    "precision": 0.0,
    "recall": 0.0,
    "f1-score": 0.0,
    "support": 5,
    "confused_with": {
      "mood_great": 3,
      "deny": 2
    }
  },
  "greet": {
    "precision": 0.3333333333333333,
    "recall": 0.25,
    "f1-score": 0.28571428571428575,
    "support": 4,
    "confused_with": {
      "mood_unhappy": 1,
      "mood_great": 1
    }
  },
  "add_player": {
    "precision": 0.0,
    "recall": 0.0,
    "f1-score": 0.0,
    "support": 5,
    "confused_with": {
      "mood_unhappy": 2,
      "deny": 2,
      "greet": 1
    }
  },
  "goodbye": {
    "precision": 0.5,
    "recall": 0.2,
    "f1-score": 0.28571428571428575,
    "support": 5,
    "confused_with": {
      "mood_great": 2,
      "greet": 1
    }
  },
  "micro avg": {
    "precision": 0.4,
    "recall": 0.07142857142857142,
    "f1-score": 0.12121212121212122,
    "support": 28
  },
  "macro avg": {
    "precision": 0.13888888888888887,
    "recall": 0.075,
    "f1-score": 0.09523809523809525,
    "support": 28
  },
  "weighted avg": {
    "precision": 0.1369047619047619,
    "recall": 0.07142857142857142,
    "f1-score": 0.09183673469387757,
    "support": 28
  },
  "accuracy": 0.07142857142857142
}